{"cameraMode":{"drawMode":0,"name":"Shaded","section":"Shading Mode"},"sceneLighting":true,"audioPlay":false,"sceneViewState":{"m_AlwaysRefresh":false,"showFog":true,"showSkybox":true,"showFlares":true,"showImageEffects":true,"showParticleSystems":true,"showVisualEffectGraphs":true,"m_FxEnabled":true},"in2DMode":false,"pivot":{"x":1248.993896484375,"y":510.0106506347656,"z":-962.6577758789063},"rotation":{"x":0.004500284790992737,"y":0.17603233456611634,"z":0.0004411069967318326,"w":-0.9845641255378723},"size":466.3865051269531,"orthographic":false}