{"cameraMode":{"drawMode":0,"name":"Shaded","section":"Shading Mode"},"sceneLighting":true,"audioPlay":false,"sceneViewState":{"m_AlwaysRefresh":false,"showFog":true,"showSkybox":true,"showFlares":true,"showImageEffects":true,"showParticleSystems":true,"showVisualEffectGraphs":true,"m_FxEnabled":true},"in2DMode":false,"pivot":{"x":73.42453002929688,"y":8.166162490844727,"z":-50.7296257019043},"rotation":{"x":-0.13459637761116029,"y":-0.014976780861616135,"z":0.001797016360796988,"w":-0.9909706115722656},"size":0.46686384081840517,"orthographic":false}