{"cameraMode":{"drawMode":0,"name":"Shaded","section":"Shading Mode"},"sceneLighting":true,"audioPlay":false,"sceneViewState":{"m_AlwaysRefresh":false,"showFog":true,"showSkybox":true,"showFlares":true,"showImageEffects":true,"showParticleSystems":true,"showVisualEffectGraphs":true,"m_FxEnabled":true},"in2DMode":false,"pivot":{"x":1205.3555908203125,"y":596.047607421875,"z":-1006.1686401367188},"rotation":{"x":0.04993214085698128,"y":0.20963332056999207,"z":0.010359502397477627,"w":-0.9766409993171692},"size":466.3865051269531,"orthographic":false}